est,lci,uci,estimator,id
-0.35172148418462823,-0.3628274769904224,-0.34061549137883407,Difference in Means,1
-0.35011108668756674,-0.3609484965357509,-0.3392736768393826,Linear Regression,2
-0.34192309499557805,-0.35434710678609366,-0.32949908320506244,bart,3
-0.3424241920545136,-0.35040190532896826,-0.3345241639376772,stan4bart,4
